name,season,team,catches,gp,gs,w,l,otl,sa,sv,ga,sv_pct,gaa,toi,so
Andrei Vasilevskiy,20252026,TBL,L,58,58,39,15,4,1483,1353,132,0.912,2.31,3430.75,2
Karel Vejmelka,20252026,UTA,R,64,63,38,20,3,1626,1458,169,0.897,2.75,3692.75,2
Jake Oettinger,20252026,DAL,L,54,54,35,12,6,1372,1234,138,0.899,2.59,3194.1833333333334,4
Scott Wedgewood,20252026,COL,L,45,43,31,6,6,1093,1007,86,0.921,2.02,2549.0666666666666,4
Logan Thompson,20252026,WSH,R,58,58,31,21,6,1587,1447,140,0.912,2.44,3445.05,4
Jeremy Swayman,20252026,BOS,L,55,54,31,18,4,1571,1426,146,0.908,2.71,3235.2833333333333,2
Brandon Bussi,20252026,CAR,R,39,39,31,6,2,912,816,97,0.895,2.47,2360.8166666666666,2
Lukas Dostal,20252026,ANA,L,56,55,30,20,4,1513,1344,169,0.888,3.1,3267.9333333333334,0
Ilya Sorokin,20252026,NYI,L,55,54,29,24,2,1530,1386,144,0.906,2.68,3226.1666666666665,7
Dan Vladar,20252026,PHI,L,52,51,29,14,7,1283,1162,121,0.906,2.42,2995.2166666666667,0
John Gibson,20252026,DET,L,57,57,29,22,4,1461,1317,144,0.901,2.72,3181.233333333333,4
Jakub Dobes,20252026,MTL,L,43,42,29,10,4,1187,1070,117,0.901,2.78,2525.5833333333335,0
Filip Gustavsson,20252026,MIN,L,50,49,28,15,6,1377,1245,133,0.904,2.69,2967.9166666666665,4
Juuse Saros,20252026,NSH,L,59,59,28,22,8,1700,1519,181,0.894,3.16,3432.55,0
Linus Ullmark,20252026,OTT,L,49,49,28,12,8,1198,1067,131,0.891,2.73,2883.4666666666667,3
Sergei Bobrovsky,20252026,FLA,L,52,51,27,23,1,1250,1096,154,0.877,3.07,3009.65,4
Jet Greaves,20252026,CBJ,L,55,53,26,19,9,1539,1397,142,0.908,2.6,3276.1,2
Igor Shesterkin,20252026,NYR,L,51,51,25,19,6,1425,1299,126,0.912,2.5,3024.2166666666667,1
Joel Hofer,20252026,STL,L,46,43,24,13,5,1250,1137,114,0.91,2.61,2624.65,6
Mackenzie Blackwood,20252026,COL,L,39,36,23,10,2,933,843,90,0.904,2.51,2155.6833333333334,3
Dustin Wolf,20252026,CGY,L,57,55,23,29,3,1558,1401,158,0.899,3.01,3149.233333333333,2
Connor Hellebuyck,20252026,WPG,L,57,57,23,23,11,1547,1385,162,0.895,2.86,3401.45,0
Stuart Skinner,20252026,"EDM,PIT",L,50,50,23,17,9,1267,1125,142,0.888,2.92,2921.95,2
Jacob Markstrom,20252026,NJD,L,44,43,23,19,1,1113,983,130,0.883,3.07,2544.016666666667,1
Ukko-Pekka Luukkonen,20252026,BUF,L,35,34,22,9,3,930,846,85,0.91,2.52,2027.7666666666667,1
Yaroslav Askarov,20252026,SJS,R,47,47,21,20,4,1341,1185,157,0.884,3.63,2596.483333333333,0
Alex Lyon,20252026,BUF,L,36,34,20,10,4,979,888,92,0.907,2.77,1992.0166666666667,3
Joey Daccord,20252026,SEA,L,47,46,20,20,6,1307,1173,136,0.897,3.03,2693.2166666666667,2
Spencer Knight,20252026,CHI,L,55,55,19,25,11,1583,1428,155,0.902,2.82,3293.25,3
Darcy Kuemper,20252026,LAK,L,50,50,19,14,15,1234,1100,134,0.891,2.78,2887.9,3
Arturs Silovs,20252026,PIT,L,39,38,19,12,8,1020,906,115,0.888,3.07,2246.55,2
Jesper Wallstedt,20252026,MIN,L,35,33,18,9,6,1020,934,87,0.916,2.61,1996.65,4
Alex Nedeljkovic,20252026,SJS,L,40,34,18,14,4,1049,940,109,0.896,2.87,2277.9666666666667,0
Tristan Jarry,20252026,"PIT,EDM",L,33,29,18,9,3,832,734,98,0.882,3.32,1773.6166666666666,2
Jake Allen,20252026,NJD,L,37,36,17,17,2,1031,932,100,0.904,2.74,2186.5666666666666,1
Anton Forsberg,20252026,LAK,L,36,31,16,12,5,952,866,87,0.91,2.57,2032.1,3
Connor Ingram,20252026,EDM,L,32,30,16,10,3,763,686,77,0.899,2.6,1778.2333333333333,2
Akira Schmid,20252026,VGK,L,34,29,16,10,6,791,706,85,0.893,2.59,1965.7833333333333,2
Frederik Andersen,20252026,CAR,L,35,35,16,14,5,849,742,107,0.874,3.05,2101.866666666667,0
Casey DeSmith,20252026,DAL,L,30,28,15,8,6,760,689,71,0.907,2.43,1755.0,1
Joseph Woll,20252026,TOR,L,39,38,15,16,7,1220,1097,124,0.899,3.34,2230.0666666666666,2
David Rittich,20252026,NYI,L,30,28,14,10,3,720,644,76,0.894,2.76,1651.35,2
Joonas Korpisalo,20252026,BOS,L,31,28,14,9,6,851,761,90,0.894,3.15,1713.0833333333333,1
Elvis Merzlikins,20252026,CBJ,L,30,29,14,11,3,812,717,95,0.883,3.4,1678.6166666666666,1
Samuel Ersson,20252026,PHI,L,33,29,14,11,5,744,647,97,0.87,3.12,1866.5833333333333,0
Philipp Grubauer,20252026,SEA,L,32,28,13,12,4,866,787,79,0.909,2.65,1791.1,0
Daniil Tarasov,20252026,FLA,L,33,31,13,15,3,925,828,97,0.895,3.05,1905.6666666666667,0
Jordan Binnington,20252026,STL,L,41,39,13,20,7,1010,882,128,0.873,3.33,2307.8,1
Eric Comrie,20252026,WPG,L,25,24,12,11,1,654,582,72,0.89,3.13,1381.5,0
Cam Talbot,20252026,DET,L,34,25,12,9,6,797,704,93,0.883,3.19,1750.1833333333334,0
Carter Hart,20252026,VGK,L,18,18,11,3,3,422,376,46,0.891,2.71,1019.7833333333333,0
Jonas Johansson,20252026,TBL,L,25,23,11,10,2,670,592,78,0.884,3.29,1423.5166666666667,0
Kevin Lankinen,20252026,VAN,L,47,43,11,27,5,1285,1125,160,0.875,3.7,2592.35,0
Devin Cooley,20252026,CGY,L,31,26,10,10,6,847,770,77,0.909,2.69,1718.0,0
Justus Annunen,20252026,NSH,L,28,23,10,12,2,711,645,67,0.907,2.68,1500.5333333333333,1
Anthony Stolarz,20252026,TOR,L,26,25,10,10,3,708,632,76,0.893,3.28,1389.25,0
Ville Husso,20252026,ANA,L,20,19,10,8,2,534,472,62,0.884,3.25,1145.6333333333334,0
Samuel Montembeault,20252026,MTL,L,25,23,10,8,4,635,554,81,0.872,3.43,1418.2,0
Adin Hill,20252026,VGK,L,27,27,10,9,6,587,511,76,0.871,3.04,1497.8166666666666,1
Jacob Fowler,20252026,MTL,L,17,17,9,6,2,448,407,41,0.908,2.43,1010.7,1
Charlie Lindgren,20252026,WSH,R,21,20,9,8,3,602,529,73,0.879,3.52,1246.0333333333333,1
Colten Ellis,20252026,BUF,L,16,14,8,4,2,455,411,44,0.903,2.9,911.3333333333334,1
Thatcher Demko,20252026,VAN,L,20,20,8,10,1,514,461,54,0.897,2.9,1115.8666666666666,1
Arvid Soderblom,20252026,CHI,L,26,24,8,13,3,774,681,93,0.88,3.8,1468.6166666666666,1
Leevi Merilainen,20252026,OTT,L,20,19,8,10,1,457,393,64,0.86,3.51,1094.4833333333333,0
James Reimer,20252026,OTT,L,14,13,7,4,2,289,256,33,0.886,2.42,817.7833333333333,1
Pyotr Kochetkov,20252026,CAR,L,9,8,6,2,0,189,170,19,0.899,2.33,490.15,1
Jonathan Quick,20252026,NYR,L,25,24,6,17,2,671,598,73,0.891,3.09,1418.0,2
Nikita Tolopilo,20252026,VAN,L,21,18,6,11,2,582,513,69,0.881,3.61,1145.6833333333334,0
Dennis Hildeby,20252026,TOR,L,20,14,5,7,4,548,501,48,0.914,2.86,1008.7333333333333,1
Vitek Vanecek,20252026,UTA,L,22,19,5,13,3,506,447,59,0.883,2.93,1206.25,1
Calvin Pickard,20252026,EDM,L,16,13,5,6,2,410,357,53,0.871,3.68,864.1333333333333,0
Clay Stevenson,20252026,WSH,L,4,4,3,1,0,101,93,8,0.921,2.0,239.73333333333332,0
Petr Mrazek,20252026,ANA,L,10,8,3,5,0,247,212,35,0.858,4.07,515.8833333333333,0
Dylan Garand,20252026,NYR,L,3,3,2,0,1,96,91,5,0.948,1.62,185.0,0
Drew Commesso,20252026,CHI,L,3,3,2,1,0,85,78,7,0.918,2.31,181.71666666666667,1
Nico Daws,20252026,NJD,L,3,3,2,1,0,87,79,8,0.908,2.62,183.26666666666668,0
Carl Lindbom,20252026,VGK,L,8,8,2,4,2,189,165,24,0.873,3.0,480.6666666666667,0
Cayden Primeau,20252026,TOR,L,3,3,2,1,0,80,67,13,0.838,4.3,181.46666666666667,0
Arsenii Sergeev,20252026,CGY,L,1,1,1,0,0,28,27,1,0.964,1.0,60.0,0
Trent Miner,20252026,COL,L,4,3,1,0,3,104,97,8,0.933,2.03,236.56666666666666,1
Sergei Murashov,20252026,PIT,R,5,4,1,1,2,116,104,12,0.897,2.56,281.28333333333336,1
Nikke Kokko,20252026,SEA,L,3,3,1,2,0,82,73,9,0.89,3.04,177.68333333333334,0
Spencer Martin,20252026,NYR,L,6,4,1,3,0,147,127,20,0.864,4.13,290.65,0
Mads Sogaard,20252026,OTT,L,2,1,1,0,0,36,30,6,0.833,4.65,77.41666666666667,0
Michael DiPietro,20252026,BOS,L,1,0,0,0,0,2,2,0,1.0,0.0,6.05,0
Victor Ostman,20252026,SEA,L,1,1,0,1,0,35,33,2,0.943,2.1,57.166666666666664,0
Matt Murray,20252026,SEA,L,5,4,0,2,1,102,94,8,0.922,2.21,216.88333333333333,0
Pheonix Copley,20252026,LAK,L,1,1,0,1,0,28,25,3,0.893,3.07,58.56666666666667,0
Artur Akhtyamov,20252026,TOR,L,3,2,0,2,0,81,71,11,0.877,5.24,126.0,0
Thomas Milic,20252026,WPG,L,3,1,0,1,0,62,54,8,0.871,3.46,138.63333333333333,0
Hunter Shepard,20252026,OTT,L,1,0,0,1,0,12,10,2,0.833,3.35,35.78333333333333,0
Aleksei Kolosov,20252026,PHI,L,4,2,0,2,0,47,39,8,0.83,4.0,120.01666666666667,0
Jiri Patera,20252026,VAN,L,1,1,0,1,0,40,33,7,0.825,7.39,56.81666666666667,0
Brandon Halverson,20252026,TBL,L,2,1,0,1,0,21,17,4,0.81,4.22,56.88333333333333,0
Laurent Brossoit,20252026,SJS,L,1,1,0,1,0,23,18,6,0.783,6.09,59.15,0
Vyacheslav Buteyets,20252026,ANA,L,1,0,0,0,0,13,10,3,0.769,9.0,20.0,0
Marcus Hogberg,20252026,NYI,L,1,0,0,0,0,7,5,2,0.714,8.9,13.483333333333333,0
